{"is_source_file": true, "format": "bash", "description": "This is a shell script designed for restoring databases from various backup formats (SQLite, PostgreSQL, MySQL, MongoDB). It detects existing backup files and restores them accordingly, with specific checks for database availability and credentials.", "external_files": ["database_backup.db", "database_backup.sql", "database_backup.archive"], "external_methods": ["ls", "sudo -u postgres pg_isready", "psql", "mysqladmin", "mysql", "mongosh", "mongorestore"], "published": [], "classes": [], "methods": [], "calls": ["ls /usr/lib/postgresql/", "sudo -u postgres pg_isready -p ${DB_PORT}", "psql -h localhost -p ${DB_PORT} -U ${DB_USER} -d postgres < database_backup.sql", "mysqladmin ping -h localhost -P ${DB_PORT} --silent", "mysqladmin ping --socket=/var/run/mysqld/mysqld.sock --silent", "mysql -h localhost -P ${DB_PORT} -u ${DB_USER} -p${DB_PASSWORD} -e \"SELECT 1\"", "sudo mysql --socket=/var/run/mysqld/mysqld.sock -u root -p${DB_PASSWORD} -e \"SELECT 1\"", "mongosh --port ${DB_PORT} --eval \"db.adminCommand('ping')\"", "mongorestore --port ${DB_PORT} --archive=database_backup.archive --drop --quiet"], "search-terms": ["restore_db.sh", "database backup detection", "PostgreSQL restore", "MySQL restore", "MongoDB restore", "database restore script", "bash database restore"], "state": 2, "file_id": 2, "knowledge_revision": 12, "git_revision": "83371e4fef8f2175b066bb533c86832335b6a831", "hash": "67505395c0df4c9c001ab8f47571f3fb", "format-version": 4, "code-base-name": "database_postgresql", "filename": "database_postgresql/restore_db.sh", "revision_history": [{"12": "83371e4fef8f2175b066bb533c86832335b6a831"}]}