{"is_source_file": false, "format": "", "description": "", "external_files": [], "external_methods": [], "published": [], "classes": [], "methods": [], "calls": [], "search-terms": [], "state": 2, "file_id": 4, "knowledge_revision": 9, "git_revision": "83371e4fef8f2175b066bb533c86832335b6a831", "hash": "0c9f36dfd1a6dee9fa952c06ab7d9563", "format-version": 4, "code-base-name": "database_postgresql", "filename": "database_postgresql/db_visualizer/package.json", "revision_history": [{"9": "83371e4fef8f2175b066bb533c86832335b6a831"}]}