{"is_source_file": true, "format": "bash", "description": "A shell script for initializing and starting a PostgreSQL database server, including setup of user roles, permissions, database creation, and environment configuration.", "external_files": ["/usr/lib/postgresql/", "/var/lib/postgresql/data/", "db_visualizer/postgres.env", "db_connection.txt"], "external_methods": ["ls", "sudo", "pg_isready", "pgrep", "initdb", "postgres", "psql", "createdb"], "published": [], "classes": [], "methods": [], "calls": ["ls", "sudo -u postgres pg_isready", "sudo -u postgres psql", "sudo -u postgres initdb", "sudo -u postgres postgres", "sudo -u postgres createdb", "cat", "echo"], "search-terms": ["postgresql-startup", "bash-setup", "database initialization", "permission setup", "environment variables", "database script", "postgresql version detection"], "state": 2, "file_id": 6, "knowledge_revision": 11, "git_revision": "83371e4fef8f2175b066bb533c86832335b6a831", "hash": "fa2aa67ea0a7c72f7c0958282f15a864", "format-version": 4, "code-base-name": "database_postgresql", "filename": "database_postgresql/startup.sh", "revision_history": [{"11": "83371e4fef8f2175b066bb533c86832335b6a831"}]}