{"is_source_file": true, "format": "HTML/JavaScript", "description": "This file is an HTML webpage that provides a user interface for a database visualizer. It includes embedded CSS styling and JavaScript code to fetch, display, and interact with database and table data.", "external_files": [], "external_methods": ["fetch"], "published": [], "classes": [], "methods": [{"name": "loadDatabases", "description": "Fetches list of databases from the server and displays them in the sidebar."}, {"name": "refreshDatabases", "description": "Refreshes the list of available databases by re-fetching the data."}, {"name": "toggleDatabase", "description": "Expands or collapses the list of tables for a selected database."}, {"name": "loadTables", "description": "Fetches and displays the list of tables for a specific database."}, {"name": "loadTableData", "description": "Fetches data for a selected table and renders it in a tabular format."}, {"name": "renderTable", "description": "Constructs HTML to display table data, handling wide content and nested objects."}, {"name": "renderCell", "description": "Generates HTML for individual cell content, handling nulls, objects, and long strings."}, {"name": "expandCell", "description": "Expands or collapses cell content for better readability."}], "calls": ["fetch", "showLoading", "showError", "showEmptyState", "setActiveState", "loadDatabases", "loadTables", "loadTableData", "renderTable", "renderCell", "expandCell"], "search-terms": ["HTML", "JavaScript", "database visualizer", "fetch databases", "fetch tables", "display table data", "expand cell", "dynamic table", "interactive database viewer"], "state": 2, "file_id": 5, "knowledge_revision": 14, "git_revision": "83371e4fef8f2175b066bb533c86832335b6a831", "hash": "ee63333a4841bf025439c755a74c9881", "format-version": 4, "code-base-name": "database_postgresql", "filename": "database_postgresql/db_visualizer/public/index.html", "revision_history": [{"14": "83371e4fef8f2175b066bb533c86832335b6a831"}]}