{"is_source_file": false, "format": "", "description": "", "external_files": [], "external_methods": [], "published": [], "classes": [], "methods": [], "calls": [], "search-terms": ["quickbite-food-delivery", "README.md", "200614-200623"], "state": 2, "file_id": 7, "knowledge_revision": 10, "git_revision": "f7deba565e8fd88632f2c3dec90f06ebffa6270b", "hash": "637c15f337d62fa35acd173dda8dc68c", "format-version": 4, "code-base-name": "database_postgresql", "filename": "README.md", "revision_history": [{"10": "f7deba565e8fd88632f2c3dec90f06ebffa6270b"}]}